experimento,estructura,orden,N,M,repeticion,t_construccion_s,t_busqueda_s,t_listar_s,altura,encontrados
A_variar_N,ABB,ordenado,100,1000,1,0.0006269000004976988,0.007931800093501806,3.969995304942131e-05,100,1000
A_variar_N,B+,ordenado,100,1000,1,0.00013029994443058968,0.000851399963721633,3.739993553608656e-05,2,1000
A_variar_N,Lista,ordenado,100,1000,1,9.800074622035027e-06,0.003937200061045587,2.2799940779805183e-05,,1000
A_variar_N,ABB,ordenado,100,1000,2,0.0009910999797284603,0.008089900016784668,4.1599967516958714e-05,100,1000
A_variar_N,B+,ordenado,100,1000,2,0.00018370000179857016,0.0008578000124543905,3.8400059565901756e-05,2,1000
A_variar_N,Lista,ordenado,100,1000,2,1.4100107364356518e-05,0.005383700015954673,3.160000778734684e-05,,1000
A_variar_N,ABB,ordenado,100,1000,3,0.0009600999765098095,0.009274399955756962,3.909994848072529e-05,100,1000
A_variar_N,B+,ordenado,100,1000,3,0.00016499997582286596,0.001651700004003942,3.769993782043457e-05,2,1000
A_variar_N,Lista,ordenado,100,1000,3,1.6700010746717453e-05,0.003757599974051118,2.2300053387880325e-05,,1000
A_variar_N,ABB,aleatorio,100,1000,1,0.0001273000380024314,0.0012886000331491232,3.450002986937761e-05,12,1000
A_variar_N,B+,aleatorio,100,1000,1,0.0002280999906361103,0.0008411000017076731,2.4699955247342587e-05,2,1000
A_variar_N,Lista,aleatorio,100,1000,1,9.500072337687016e-06,0.00505509995855391,4.0499959141016006e-05,,1000
A_variar_N,ABB,aleatorio,100,1000,2,0.00019450008403509855,0.0015919998986646533,5.510007031261921e-05,19,1000
A_variar_N,B+,aleatorio,100,1000,2,0.00022799998987466097,0.0008656000718474388,4.850002005696297e-05,2,1000
A_variar_N,Lista,aleatorio,100,1000,2,1.4399993233382702e-05,0.00616049999371171,4.5199994929134846e-05,,1000
A_variar_N,ABB,aleatorio,100,1000,3,0.00012900005094707012,0.0013923000078648329,3.750005271285772e-05,14,1000
A_variar_N,B+,aleatorio,100,1000,3,0.0001370999962091446,0.000893399934284389,2.3900065571069717e-05,2,1000
A_variar_N,Lista,aleatorio,100,1000,3,8.899951353669167e-06,0.003933100029826164,3.120000474154949e-05,,1000
A_variar_N,ABB,ordenado,1000,1000,1,0.07057530002202839,0.07188030006363988,0.00022799998987466097,1000,1000
A_variar_N,B+,ordenado,1000,1000,1,0.0012552000116556883,0.0019100999925285578,0.00023769994731992483,3,1000
A_variar_N,Lista,ordenado,1000,1000,1,9.910005610436201e-05,0.04285079997498542,0.00011779996566474438,,1000
A_variar_N,ABB,ordenado,1000,1000,2,0.094796699937433,0.09451900003477931,0.00023640005383640528,1000,1000
A_variar_N,B+,ordenado,1000,1000,2,0.0012533999979496002,0.001158999977633357,0.0003013999667018652,3,1000
A_variar_N,Lista,ordenado,1000,1000,2,9.549991227686405e-05,0.03379510005470365,0.00012229999992996454,,1000
A_variar_N,ABB,ordenado,1000,1000,3,0.06662000005599111,0.08422039996366948,0.00024119997397065163,1000,1000
A_variar_N,B+,ordenado,1000,1000,3,0.0012722000246867537,0.0011642000172287226,0.00015570002142339945,3,1000
A_variar_N,Lista,ordenado,1000,1000,3,8.659996092319489e-05,0.03658670000731945,0.00012159999459981918,,1000
A_variar_N,ABB,aleatorio,1000,1000,1,0.0019297999097034335,0.0030346999410539865,0.000417600036598742,20,1000
A_variar_N,B+,aleatorio,1000,1000,1,0.0015085999621078372,0.0011778000043705106,0.00017619994468986988,3,1000
A_variar_N,Lista,aleatorio,1000,1000,1,8.030002936720848e-05,0.04317199997603893,0.0002968000480905175,,1000
A_variar_N,ABB,aleatorio,1000,1000,2,0.001909599988721311,0.0031946999952197075,0.00024419999681413174,23,1000
A_variar_N,B+,aleatorio,1000,1000,2,0.0013724000891670585,0.0014936000807210803,0.00015249999705702066,3,1000
A_variar_N,Lista,aleatorio,1000,1000,2,8.030002936720848e-05,0.053686399944126606,0.0005110999336466193,,1000
A_variar_N,ABB,aleatorio,1000,1000,3,0.00372340006288141,0.0029320999747142196,0.0003092000260949135,24,1000
A_variar_N,B+,aleatorio,1000,1000,3,0.0023858000058680773,0.0024709999561309814,0.00023550004698336124,3,1000
A_variar_N,Lista,aleatorio,1000,1000,3,0.0001311000669375062,0.06003179994877428,0.0003339999821037054,,1000
A_variar_N,ABB,ordenado,3000,1000,1,0.5926083000376821,0.2267263000831008,0.0010522000957280397,3000,1000
A_variar_N,B+,ordenado,3000,1000,1,0.0065030999248847365,0.0014012999599799514,0.00037189992144703865,3,1000
A_variar_N,Lista,ordenado,3000,1000,1,0.00022899999748915434,0.11092879995703697,0.0003206999972462654,,1000
A_variar_N,ABB,ordenado,3000,1000,2,0.6328358000610024,0.23575600003823638,0.0006238999776542187,3000,1000
A_variar_N,B+,ordenado,3000,1000,2,0.004197999951429665,0.001199800055474043,0.0007159999804571271,3,1000
A_variar_N,Lista,ordenado,3000,1000,2,0.0002522999420762062,0.13459370005875826,0.0005857000360265374,,1000
A_variar_N,ABB,ordenado,3000,1000,3,0.5898725000442937,0.2544204000150785,0.0006253999890759587,3000,1000
A_variar_N,B+,ordenado,3000,1000,3,0.004229000071063638,0.0012317999498918653,0.0003573999274522066,3,1000
A_variar_N,Lista,ordenado,3000,1000,3,0.00015279999934136868,0.11903179995715618,0.0003209999995306134,,1000
A_variar_N,ABB,aleatorio,3000,1000,1,0.013091799919493496,0.004668599925935268,0.000695300055667758,24,1000
A_variar_N,B+,aleatorio,3000,1000,1,0.004482199903577566,0.001816699979826808,0.00037569995038211346,3,1000
A_variar_N,Lista,aleatorio,3000,1000,1,0.0001599000534042716,0.11606150004081428,0.0009046000195667148,,1000
A_variar_N,ABB,aleatorio,3000,1000,2,0.007694200030528009,0.0030857000965625048,0.0006983999628573656,25,1000
A_variar_N,B+,aleatorio,3000,1000,2,0.005563599988818169,0.0011988000478595495,0.0003880000440403819,3,1000
A_variar_N,Lista,aleatorio,3000,1000,2,0.0003119000466540456,0.12698360008653253,0.0009002999868243933,,1000
A_variar_N,ABB,aleatorio,3000,1000,3,0.008218699949793518,0.0037339000264182687,0.0009557000594213605,31,1000
A_variar_N,B+,aleatorio,3000,1000,3,0.006305200047791004,0.0018445999594405293,0.0005329999839887023,3,1000
A_variar_N,Lista,aleatorio,3000,1000,3,0.00021059997379779816,0.11880669998936355,0.0009042000165209174,,1000
B_variar_M,B+,aleatorio,1000,100,1,0.0013730000937357545,0.00012949993833899498,,3,100
B_variar_M,ABB,aleatorio,1000,100,1,0.0018220000201836228,0.0002169999061152339,,20,100
B_variar_M,Lista,aleatorio,1000,100,1,5.989999044686556e-05,0.004340799991041422,,,100
B_variar_M,ABB,aleatorio,1000,1000,1,0.002943200059235096,0.002229499979875982,,20,1000
B_variar_M,B+,aleatorio,1000,1000,1,0.002359400037676096,0.002023100038059056,,3,1000
B_variar_M,Lista,aleatorio,1000,1000,1,7.050007116049528e-05,0.04091719991993159,,,1000
B_variar_M,ABB,aleatorio,1000,100,2,0.002116899937391281,0.00025759998243302107,,23,100
B_variar_M,B+,aleatorio,1000,100,2,0.0015005000168457627,0.00013860000763088465,,3,100
B_variar_M,Lista,aleatorio,1000,100,2,6.81999372318387e-05,0.004295399994589388,,,100
B_variar_M,ABB,aleatorio,1000,1000,2,0.001896000001579523,0.0019893000135198236,,23,1000
B_variar_M,Lista,aleatorio,1000,1000,2,7.720000576227903e-05,0.04557570000179112,,,1000
B_variar_M,B+,aleatorio,1000,1000,2,0.001491099945269525,0.0011946000158786774,,3,1000
B_variar_M,ABB,aleatorio,1000,100,3,0.001894799992442131,0.0002269999822601676,,24,100
B_variar_M,B+,aleatorio,1000,100,3,0.0014277000445872545,0.00013060006313025951,,3,100
B_variar_M,Lista,aleatorio,1000,100,3,5.909998435527086e-05,0.005084499949589372,,,100
B_variar_M,ABB,aleatorio,1000,1000,3,0.003880699980072677,0.0022950998973101377,,24,1000
B_variar_M,Lista,aleatorio,1000,1000,3,6.510003004223108e-05,0.043423800030723214,,,1000
B_variar_M,B+,aleatorio,1000,1000,3,0.0014998000115156174,0.0011738999746739864,,3,1000
