operacion,unidad,estructura,orden,N,curva,repeticiones,media,desv_estandar,cv_%,ic95_inf,ic95_sup,mediana,minimo,maximo,atipicos,media_sin_atipicos,altura_media
busqueda,µs por búsqueda,ABB,aleatorio,100,ABB (aleatorio),20,0.573485965931535,0.06846162048307265,11.937802239304643,0.541444941258604,0.605526990604466,0.5648845489868499,0.4925995575439,0.8126034321628,1,0.5609008361298894,13.4
busqueda,µs por búsqueda,ABB,aleatorio,300,ABB (aleatorio),20,0.72395631836997,0.050742850430596724,7.009103884174562,0.7002079333456395,0.7477047033943005,0.7178590143808499,0.662835422147,0.8779245415523,1,0.7158527276761631,17.2
busqueda,µs por búsqueda,ABB,aleatorio,1000,ABB (aleatorio),20,0.906146871383795,0.03603846650268847,3.977110956378783,0.8892803498752551,0.923013392892335,0.9046435321905499,0.8502689245015,0.9855930119391,1,0.9019654955650946,22.4
busqueda,µs por búsqueda,ABB,aleatorio,3000,ABB (aleatorio),20,1.13125785694977,0.05337269139660049,4.717995200538115,1.1062786684667565,1.1562370454327835,1.1333640455029501,1.0589745015654,1.2508252500265,2,1.1179886491247946,26.7
busqueda,µs por búsqueda,ABB,aleatorio,10000,ABB (aleatorio),20,1.43614130370893,0.09490774920315877,6.608524450766316,1.391723109800963,1.4805594976168968,1.40693637721475,1.3385059365432,1.7544111667666,2,1.408665586523361,30.8
busqueda,µs por búsqueda,ABB,aleatorio,30000,ABB (aleatorio),20,1.90024150767857,0.14993658458643436,7.890396245980565,1.8300690260427197,1.9704139893144201,1.8656009049412,1.7216037289965,2.4058437498192,2,1.8575422060686888,35.55
busqueda,µs por búsqueda,ABB,aleatorio,100000,ABB (aleatorio),20,2.94382109406228,0.19057355754657135,6.473680004907918,2.854629923647789,3.033012264476771,2.89809960975185,2.7927035615741,3.70542074088,1,2.903736902124505,41.35
busqueda,µs por búsqueda,ABB,ordenado,100,ABB (ordenado),20,3.2618954272980547,0.03882007102231396,1.190107772843902,3.243727074801367,3.2800637797947423,3.2639555653407504,3.1989816770025996,3.3527136809141,0,3.2618954272980547,100.0
busqueda,µs por búsqueda,ABB,ordenado,300,ABB (ordenado),20,9.716990830667285,0.12844888306132204,1.3218998072523775,9.656874902906038,9.777106758428532,9.6883836533659,9.4973311313638,10.0688430003356,1,9.698472295421585,300.0
busqueda,µs por búsqueda,ABB,ordenado,1000,ABB (ordenado),20,32.668312899518575,0.6260275010173514,1.9163141449725034,32.3753230102274,32.96130278880975,32.538394650669645,31.8158029421123,34.1699766654831,0,32.668312899518575,1000.0
busqueda,µs por búsqueda,ABB,ordenado,3000,ABB (ordenado),20,100.47773091037837,1.8479973527978995,1.8392108739460193,99.61284152624307,101.34262029451367,100.10695454283525,97.9642909104851,104.1784181831066,0,100.47773091037837,3000.0
busqueda,µs por búsqueda,ABB,ordenado,10000,ABB (ordenado),20,332.00230749935145,7.878837578692644,2.3731273550585295,328.31489800668066,335.6897169920222,330.7758125010878,323.1951000052504,360.0210500007961,1,330.5276368413807,10000.0
busqueda,µs por búsqueda,ABB,ordenado,30000,ABB (ordenado),20,999.6327974949963,24.02923527872641,2.40380621153506,988.3867692092986,1010.8788257806941,1000.6372999632733,973.0210999841802,1083.8116999948395,1,995.202328942373,30000.0
busqueda,µs por búsqueda,B+,aleatorio,100,B+ (aleatorio),20,0.398532586428465,0.006871488812254232,1.7241974800190238,0.3953166306707767,0.4017485421861533,0.39637960158625,0.3910476633879,0.41707748123089994,3,0.3960322376907412,2.0
busqueda,µs por búsqueda,B+,aleatorio,300,B+ (aleatorio),20,0.41904397770002505,0.006982460869922688,1.6662835505349085,0.4157760854206379,0.4223118699794122,0.41663149072855,0.4104143032445,0.433558864397,1,0.41828003629492105,2.0
busqueda,µs por búsqueda,B+,aleatorio,1000,B+ (aleatorio),20,0.52467259329824,0.006885641374547202,1.3123691731756213,0.5214500139375109,0.5278951726589691,0.5245281486142499,0.5167196291853,0.5402665408614,2,0.5230101103450555,3.0
busqueda,µs por búsqueda,B+,aleatorio,3000,B+ (aleatorio),20,0.570019321727945,0.07398645102534367,12.979639146452552,0.5353925967682023,0.6046460466876877,0.5529483872026,0.546962936756,0.8837334197861001,2,0.5525849807192167,3.0
busqueda,µs por búsqueda,B+,aleatorio,10000,B+ (aleatorio),20,0.60581085713752,0.015994468237044562,2.6401752376342427,0.5983252155795573,0.6132964986954828,0.6025695996210501,0.5882372733613,0.6701501005417,3,0.6026522515014353,3.0
busqueda,µs por búsqueda,B+,aleatorio,30000,B+ (aleatorio),20,0.7661572304439399,0.01801077833574691,2.3507940172163875,0.7577279267119745,0.7745865341759053,0.76241132219055,0.7446937084295,0.819264537175,3,0.7615594835928765,4.0
busqueda,µs por búsqueda,B+,aleatorio,100000,B+ (aleatorio),20,0.9525312544184352,0.1341008053792455,14.0783627578835,0.8897701455884345,1.015292363248436,0.92146671930545,0.9019124999342999,1.5169997002114,2,0.9196184828283056,4.0
busqueda,µs por búsqueda,B+,ordenado,100,B+ (ordenado),20,0.40039001443014993,0.00651313243487423,1.6266970204399238,0.39734177461970793,0.40343825424059193,0.3981612596214,0.39413263954509997,0.4187979166939,2,0.3986285436872611,2.0
busqueda,µs por búsqueda,B+,ordenado,300,B+ (ordenado),20,0.41438516712916496,0.0030924718349951766,0.7462795679728673,0.4129378457589394,0.41583248849939053,0.41442194615635003,0.40633313062110005,0.42098662168519996,2,0.41446575501538896,2.0
busqueda,µs por búsqueda,B+,ordenado,1000,B+ (ordenado),20,0.5274757280126902,0.012853009621916081,2.436701622336423,0.5214603343437796,0.5334911216816007,0.5253900604960501,0.5162292179975,0.5776090645574999,2,0.5241840405795445,3.0
busqueda,µs por búsqueda,B+,ordenado,3000,B+ (ordenado),20,0.5551660726889949,0.027825221619065116,5.012053687699475,0.5421434681094454,0.5681886772685444,0.5485725178758001,0.5428402490771,0.6720786180371999,1,0.5490127808285631,3.0
busqueda,µs por búsqueda,B+,ordenado,10000,B+ (ordenado),20,0.7002531059327399,0.011527005286043985,1.646119837010929,0.6948583013959928,0.705647910469487,0.69644025318415,0.6870435528771001,0.7414895126512001,2,0.6971204463677999,4.0
busqueda,µs por búsqueda,B+,ordenado,30000,B+ (ordenado),20,0.76495766032069,0.009897818447454437,1.2939040891890692,0.7603253386951525,0.7695899819462275,0.7631966432953501,0.7549787218563,0.7902956555749999,3,0.7613338552620118,4.0
busqueda,µs por búsqueda,B+,ordenado,100000,B+ (ordenado),20,0.9969829972050649,0.16617933580408634,16.668221651718465,0.9192086739994589,1.0747573204106708,0.94307970779575,0.905748828826,1.6349437910975,3,0.9400402902311411,4.0
busqueda,µs por búsqueda,Lista,aleatorio,100,Lista (aleatorio),20,1.8063786848670251,0.07676814727219017,4.249836865066938,1.770450085989474,1.8423072837445762,1.7865573537172001,1.7430372854224,2.0973073067784997,1,1.7910666521348424,
busqueda,µs por búsqueda,Lista,aleatorio,300,Lista (aleatorio),20,5.366111032335251,0.22745228127910244,4.238680115050072,5.259660087923555,5.472561976746947,5.300641050718649,5.1981577320869,6.1507934341066,2,5.298175632399789,
busqueda,µs por búsqueda,Lista,aleatorio,1000,Lista (aleatorio),20,18.06073645333484,0.2716627689419242,1.5041621898633197,17.933594363782095,18.187878542887585,18.022019010700152,17.6088315794211,18.622362068934503,2,17.99977508230111,
busqueda,µs por búsqueda,Lista,aleatorio,3000,Lista (aleatorio),20,53.99627106384711,3.1176560422145605,5.773835823825933,52.537163121828584,55.45537900586564,53.16288960625805,51.4343100017868,64.8890937518444,3,52.86876556907485,
busqueda,µs por búsqueda,Lista,aleatorio,10000,Lista (aleatorio),20,182.095741073551,16.760281615951396,9.204104125192957,174.25168782163084,189.93979432547118,178.55595477435375,172.5219333311543,252.13641667505723,1,178.4093897261033,
busqueda,µs por búsqueda,Lista,aleatorio,30000,Lista (aleatorio),20,542.9614933227033,11.117562226926308,2.0475783943519374,537.7583140362318,548.1646726091748,542.9362249851692,523.3105499646626,574.235449952539,1,541.3154956053436,
busqueda,µs por búsqueda,Lista,aleatorio,100000,Lista (aleatorio),20,2380.9532050043344,252.47873880022496,10.60410335950997,2262.789517931097,2499.1168920775717,2334.9308500182815,2099.203299963847,3088.0980000365525,2,2309.367566673447,
busqueda,µs por búsqueda,Lista,ordenado,100,Lista (ordenado),20,1.678854249130055,0.03623904869249737,2.158558356764778,1.6618938522670135,1.6958146459930967,1.66940341262445,1.6311879477581,1.7678060241463,1,1.6741725767607791,
busqueda,µs por búsqueda,Lista,ordenado,300,Lista (ordenado),20,4.833310991271126,0.185934786186169,3.8469443932319676,4.746290832681391,4.920331149860861,4.78278309511505,4.6974199997304,5.5859339999732995,1,4.793699253971011,
busqueda,µs por búsqueda,Lista,ordenado,1000,Lista (ordenado),20,15.676331180917652,0.2448546935980374,1.5619387647033893,15.561735656834236,15.790926705001068,15.592988636909052,15.3028057969134,16.268600000661202,0,15.676331180917652,
busqueda,µs por búsqueda,Lista,ordenado,3000,Lista (ordenado),20,47.24271340398796,0.8019780324736101,1.697569793706878,46.86737613115801,47.618050676817916,46.96297826265665,46.12833478123591,48.9399000018073,0,47.24271340398796,
busqueda,µs por búsqueda,Lista,ordenado,10000,Lista (ordenado),20,159.12768571371475,5.862403005884671,3.6840873915753853,156.3839966507213,161.87137477670822,157.97502856834654,153.9261857147461,179.9791571351566,2,157.38937777692507,
busqueda,µs por búsqueda,Lista,ordenado,30000,Lista (ordenado),20,470.95393166916136,6.141866002128985,1.3041330773820912,468.07944989786427,473.82841344045846,470.27759999036783,461.6488333170612,483.1650999840349,0,470.95393166916136,
busqueda,µs por búsqueda,Lista,ordenado,100000,Lista (ordenado),20,1704.4813199783675,180.76269931452737,10.605144051494888,1619.8817725558165,1789.0808674009186,1640.6759999226779,1547.3227999173105,2392.9153999779373,1,1668.2479473468113,
insercion,µs por inserción,ABB,aleatorio,100,ABB (aleatorio),20,0.5447051834010473,0.045607089823657035,8.37280261202841,0.5233604083286886,0.5660499584734061,0.5378277431452851,0.47978227001168683,0.6728477188010312,1,0.5379608394326272,13.4
insercion,µs por inserción,ABB,aleatorio,300,ABB (aleatorio),20,0.6828851501811333,0.0452793326632166,6.6305926627935,0.6616937701816679,0.7040765301805987,0.6833409263158333,0.6308065999433333,0.7990897435639999,0,0.6828851501811333,17.2
insercion,µs por inserción,ABB,aleatorio,1000,ABB (aleatorio),20,0.84489570177966,0.031189675816757117,3.691541541880285,0.8302984841658507,0.8594929193934693,0.84169708970175,0.7985123210706001,0.9133291128352,2,0.8375517788341779,22.4
insercion,µs por inserción,ABB,aleatorio,3000,ABB (aleatorio),20,1.0340428285478451,0.04374950918312093,4.230918485703384,1.013567427976344,1.0545182291193462,1.0316011120490833,0.9778028735855,1.1487481122265666,1,1.028005708354228,26.7
insercion,µs por inserción,ABB,aleatorio,10000,ABB (aleatorio),20,1.2998749121807462,0.10492876078405257,8.072219857525978,1.25076674048602,1.3489830838754724,1.2840610624698399,1.19834642862856,1.6957588334723,2,1.272195983311538,30.8
insercion,µs por inserción,ABB,aleatorio,30000,ABB (aleatorio),20,1.6968849836987083,0.1390752780909402,8.195916601713167,1.6317957499752918,1.761974217422125,1.6605526984055765,1.54042681156104,2.21642354154028,1,1.6695408490754682,35.55
insercion,µs por inserción,ABB,aleatorio,100000,ABB (aleatorio),20,2.654971042499528,0.17251451829637535,6.497792839727593,2.5742317626202316,2.7357103223788246,2.598430800018831,2.5116579998284574,3.201930750219617,2,2.603406311096882,41.35
insercion,µs por inserción,ABB,ordenado,100,ABB (ordenado),20,2.8964983528152497,0.07002737613494261,2.41765634242048,2.86372453194031,2.9292721736901894,2.8900828622665,2.794574840256,3.0842091449990003,1,2.886618837437158,100.0
insercion,µs por inserción,ABB,ordenado,300,ABB (ordenado),20,8.4350041076008,0.18046410837098883,2.13946675151435,8.350544305041453,8.519463910160148,8.474573276710167,8.093430720577667,8.735566835514666,0,8.4350041076008,300.0
insercion,µs por inserción,ABB,ordenado,1000,ABB (ordenado),20,27.905310686374282,0.606446604633534,2.1732300759856873,27.62148493868134,28.189136434067223,27.839515718923202,27.1938594586744,29.6254499972907,1,27.81477703843131,1000.0
insercion,µs por inserción,ABB,ordenado,3000,ABB (ordenado),20,84.33822833282952,1.7368822440228233,2.0594246267166656,83.52534242037187,85.15111424528716,83.82234333645708,81.79563332814723,87.62664000193276,0,84.33822833282952,3000.0
insercion,µs por inserción,ABB,ordenado,10000,ABB (ordenado),20,277.28763899882324,4.492618449590285,1.620201486734629,275.18502884186705,279.39024915577943,277.57924500037916,269.0228099934757,287.5624699983746,1,276.74685841989947,10000.0
insercion,µs por inserción,ABB,ordenado,30000,ABB (ordenado),20,833.4380326674242,11.227920956863741,1.3471812560471594,828.1832039054678,838.6928614293805,833.8436333346182,813.0772666695216,857.1351899998263,0,833.4380326674242,30000.0
insercion,µs por inserción,B+,aleatorio,100,B+ (aleatorio),20,0.512054133736114,0.016584533659507496,3.238824289631514,0.5042923330597084,0.5198159344125195,0.5076577821513466,0.497884231927123,0.5680992549358012,2,0.5070753812558281,2.0
insercion,µs por inserción,B+,aleatorio,300,B+ (aleatorio),20,0.55548480233395,0.005828664471712247,1.0492932384868618,0.5527569033910007,0.5582127012768994,0.5537159325134999,0.5484983147760001,0.5695276452913333,0,0.55548480233395,2.0
insercion,µs por inserción,B+,aleatorio,1000,B+ (aleatorio),20,0.62880152084666,0.01145896380598329,1.822349887219449,0.6234385607028153,0.6341644809905046,0.62745570300645,0.6097606208959,0.6532548596889,0,0.62880152084666,3.0
insercion,µs por inserción,B+,aleatorio,3000,B+ (aleatorio),20,0.71700066979481,0.07170180963595468,10.000243048095642,0.6834431899188046,0.7505581496708155,0.6971982585090333,0.6789224931994,1.0122551756547333,2,0.6980480760027666,3.0
insercion,µs por inserción,B+,aleatorio,10000,B+ (aleatorio),20,0.7516503737796859,0.022756662556588998,3.027559534382555,0.7409999278611655,0.7623008196982063,0.7453575688268701,0.72110381300675,0.80013852710871,3,0.74353946310505,3.0
insercion,µs por inserción,B+,aleatorio,30000,B+ (aleatorio),20,0.8416369144479532,0.01308903168608838,1.555187452141847,0.835511059052777,0.8477627698431294,0.8397680564120233,0.8268140475376533,0.8857755813487733,1,0.8393138267163313,4.0
insercion,µs por inserción,B+,aleatorio,100000,B+ (aleatorio),20,1.0329693801321247,0.11208960302602267,10.851202870281163,0.9805098311060563,1.0854289291581931,1.0069560454311688,0.9859439090359949,1.503419666680404,2,1.0050461732081575,4.0
insercion,µs por inserción,B+,ordenado,100,B+ (ordenado),20,0.473691146563554,0.008898257791573338,1.8784935830291014,0.4695266337250594,0.4778556594020486,0.4728467141543313,0.4632789464393844,0.5022323053246772,2,0.47130768560330033,2.0
insercion,µs por inserción,B+,ordenado,300,B+ (ordenado),20,0.5019196672071168,0.008142856464047485,1.6223425771214781,0.49810869307253297,0.5057306413417005,0.500091863115,0.49234567714833327,0.5308475826603333,1,0.500397145341158,2.0
insercion,µs por inserción,B+,ordenado,1000,B+ (ordenado),20,0.5673478556309449,0.011186915609824101,1.9717912914966753,0.5621122179621434,0.5725834932997464,0.5653136207343,0.5536574115193,0.6060006662747,2,0.5643647070774667,3.0
insercion,µs por inserción,B+,ordenado,3000,B+ (ordenado),20,0.6122557508756584,0.010746805285823379,1.755280415161984,0.6072260911789034,0.6172854105724135,0.6119859241481833,0.5982740805579333,0.640449113147,1,0.6107718897034825,3.0
insercion,µs por inserción,B+,ordenado,10000,B+ (ordenado),20,0.6417680425422574,0.010055060722733353,1.5667749180688246,0.6370621292665911,0.6464739558179237,0.6402149339985199,0.62880795182525,0.66920055213607,1,0.6403242262478464,4.0
insercion,µs por inserción,B+,ordenado,30000,B+ (ordenado),20,0.711984462911732,0.005184215311087495,0.7281360171661787,0.7095581754601603,0.7144107503633037,0.71120055880796,0.7059986273958966,0.7230844444540467,0,0.711984462911732,4.0
insercion,µs por inserción,B+,ordenado,100000,B+ (ordenado),20,0.7850470995228356,0.06835303871941506,8.706871060470277,0.7530568926795708,0.8170373063661004,0.765499669035697,0.7542271428142799,1.0601114000892262,2,0.7657847708912202,4.0
insercion,µs por inserción,Lista,aleatorio,100,Lista (aleatorio),20,0.025169386228023855,0.0007797066480096156,3.097837352670452,0.02480447228397397,0.02553430017207374,0.025047917175123224,0.023895287244087852,0.0268221584862802,0,0.025169386228023855,
insercion,µs por inserción,Lista,aleatorio,300,Lista (aleatorio),20,0.02411870377092733,0.0005188555090404786,2.1512578535248927,0.023875871917846046,0.024361535624008616,0.024026095224184772,0.023248699738418366,0.025284660494903244,0,0.02411870377092733,
insercion,µs por inserción,Lista,aleatorio,1000,Lista (aleatorio),20,0.023253414461623035,0.0007452965589320063,3.205105900305646,0.022904604934987662,0.023602223988258408,0.023173268281929706,0.0223143723088311,0.025104533599193585,3,0.022996078919830434,
insercion,µs por inserción,Lista,aleatorio,3000,Lista (aleatorio),20,0.023105706371131393,0.0008880685473597897,3.8435031290337673,0.0226900774970786,0.023521335245184186,0.022956142676165227,0.021926678916098608,0.026157753812445866,1,0.022945072295272734,
insercion,µs por inserción,Lista,aleatorio,10000,Lista (aleatorio),20,0.0221871079865705,0.0006237747062385499,2.8114286306088685,0.021895172437690506,0.022479043535450494,0.02214624542804,0.02102399917526,0.0233683125591,0,0.0221871079865705,
insercion,µs por inserción,Lista,aleatorio,30000,Lista (aleatorio),20,0.021381878736780668,0.00039755654292581485,1.8593153006800394,0.021195816547324886,0.02156794092623645,0.02136452943744333,0.020433301147779998,0.022343816168620002,2,0.02138113652328963,
insercion,µs por inserción,Lista,aleatorio,100000,Lista (aleatorio),20,0.02308692401754155,0.0024565427407674165,10.640407266472243,0.021937226624876124,0.024236621410206976,0.022479034500647,0.020899751551900003,0.032308244680802,2,0.022430118818383832,
insercion,µs por inserción,Lista,ordenado,100,Lista (ordenado),20,0.025507177363489574,0.000982204006101133,3.8506965788658323,0.025047491738590884,0.025966862988388264,0.025449965553985654,0.02425950555632313,0.028717128287283258,1,0.02533823257802675,
insercion,µs por inserción,Lista,ordenado,300,Lista (ordenado),20,0.02413935140490358,0.0005518849064890655,2.2862457952244637,0.023881061317980987,0.02439764149182617,0.024181074540567768,0.02331375625273654,0.025174097374491763,0,0.02413935140490358,
insercion,µs por inserción,Lista,ordenado,1000,Lista (ordenado),20,0.023257656443167584,0.0010062221609879833,4.3264125233201725,0.022786729975766223,0.023728582910568945,0.023095716161249467,0.02229931273874352,0.027188628827663465,1,0.023050763159773065,
insercion,µs por inserción,Lista,ordenado,3000,Lista (ordenado),20,0.023158533618298026,0.0006662021192013285,2.8767025157195127,0.022846741428924323,0.02347032580767173,0.02309476804998037,0.021975300284074743,0.024624470858739332,0,0.023158533618298026,
insercion,µs por inserción,Lista,ordenado,10000,Lista (ordenado),20,0.022039344054989498,0.0006428612457725669,2.9168801220607525,0.02173847573063888,0.022340212379340117,0.021872984917534997,0.020526685316080002,0.023071536963109998,0,0.022039344054989498,
insercion,µs por inserción,Lista,ordenado,30000,Lista (ordenado),20,0.021316962481160003,0.0004172392472365438,1.9573109799545838,0.021121688502529497,0.02151223645979051,0.02118825335967,0.02056613161214,0.02226050847451,0,0.021316962481160003,
insercion,µs por inserción,Lista,ordenado,100000,Lista (ordenado),20,0.02266407802212215,0.0015702715519562156,6.92845987568297,0.021929168313815275,0.023398987730429022,0.0221771103046685,0.021012156248616,0.027314438319610997,2,0.022196231053572497,
listar,ms por listado completo,ABB,aleatorio,100,ABB (aleatorio),20,0.009316198543409586,0.00029594363615465603,3.176656602751461,0.009177692658200912,0.00945470442861826,0.009248423677794607,0.008971251916460999,0.010366792167831523,2,0.009239176980530641,13.4
listar,ms por listado completo,ABB,aleatorio,300,ABB (aleatorio),20,0.02834885722183742,0.000504723651918983,1.780402109225726,0.028112639281478464,0.02858507516219638,0.02820925699111359,0.027657082424610086,0.029789850548713318,1,0.02827301546779132,17.2
listar,ms por listado completo,ABB,aleatorio,1000,ABB (aleatorio),20,0.09673420349633308,0.0034319209583309695,3.547784376454874,0.09512801504613973,0.09834039194652643,0.09615246016444845,0.09275723085907824,0.10949634459509999,2,0.09580744253959786,22.4
listar,ms por listado completo,ABB,aleatorio,3000,ABB (aleatorio),20,0.30739381322829995,0.017330732314683968,5.637957424280532,0.2992827808312206,0.3155048456253793,0.3047449806678,0.29413034564109997,0.379586625121,1,0.3035941915497369,26.7
listar,ms por listado completo,ABB,aleatorio,10000,ABB (aleatorio),20,1.0433597721637597,0.06623020077270965,6.347781708639093,1.012363084062048,1.0743564602654716,1.0266877438548998,1.0183247968523998,1.3211484808693,3,1.025615653333141,30.8
listar,ms por listado completo,ABB,aleatorio,30000,ABB (aleatorio),20,3.3018804169674794,0.25155054344461875,7.618402597258455,3.1841511386926378,3.419609695242321,3.1930215426081,3.0522527437224998,4.0386120972764,1,3.2631050653722737,35.55
listar,ms por listado completo,ABB,aleatorio,100000,ABB (aleatorio),20,19.096865758525077,1.384592810226798,7.25036677607004,18.448856376313493,19.74487514073666,18.892264256755247,17.7280885247574,24.5228186060219,3,18.93768984347709,41.35
listar,ms por listado completo,ABB,ordenado,100,ABB (ordenado),20,0.009711993391111463,0.00016799621973308853,1.7297810343120783,0.009633368740052292,0.009790618042170634,0.009732264309189356,0.009385111758154284,0.009986322590532991,0,0.009711993391111463,100.0
listar,ms por listado completo,ABB,ordenado,300,ABB (ordenado),20,0.0293629887325229,0.0026761384695755115,9.113985275658875,0.028110517375187005,0.030615460089858795,0.028500607889162474,0.028060669047904226,0.038632850736462575,2,0.02852021966225062,300.0
listar,ms por listado completo,ABB,ordenado,1000,ABB (ordenado),20,0.09525100785644781,0.00382447810803947,4.015157628361599,0.09346109700484774,0.09704091870804789,0.09446599777626809,0.09110830266143331,0.110108806413,4,0.09464969602658094,1000.0
listar,ms por listado completo,ABB,ordenado,3000,ABB (ordenado),20,0.28443646876721496,0.009466139912611724,3.328033129380075,0.2800061789149261,0.28886675861950384,0.28292543278055,0.2731518780573,0.3195724698661,1,0.2825872055514842,3000.0
listar,ms por listado completo,ABB,ordenado,10000,ABB (ordenado),20,0.9285066263210251,0.015012577904900343,1.6168519943022834,0.9214805235840303,0.9355327290580199,0.9264827865662,0.9039983797347,0.9608792134757,2,0.9250784535661389,10000.0
listar,ms por listado completo,ABB,ordenado,30000,ABB (ordenado),20,2.77006667106365,0.03497975326406236,1.2627765833026263,2.7536956426030543,2.7864376995242455,2.7714412440786997,2.7105627027717,2.8557277628474,0,2.77006667106365,30000.0
listar,ms por listado completo,B+,aleatorio,100,B+ (aleatorio),20,0.0053017310489359955,8.535948694448213e-05,1.6100305005402513,0.005261781579321364,0.005341680518550627,0.005298130207796927,0.005168476438304172,0.005486827613511095,2,0.0052822704791376865,2.0
listar,ms por listado completo,B+,aleatorio,300,B+ (aleatorio),20,0.015378676067782654,0.00023955339507731476,1.557698426193942,0.015266561627779668,0.015490790507785639,0.015346019628385225,0.014925630559500792,0.015992705147577373,1,0.015346358747793457,2.0
listar,ms por listado completo,B+,aleatorio,1000,B+ (aleatorio),20,0.05021981407270384,0.0018309957624155437,3.645962845989013,0.049362881677799536,0.05107674646760814,0.049697218199762166,0.04842966256370123,0.05660995027569158,2,0.04969881384681497,3.0
listar,ms por listado completo,B+,aleatorio,3000,B+ (aleatorio),20,0.15626156956722997,0.019064050791812788,12.200089148349857,0.1473393191519405,0.16518381998251944,0.15123043750405002,0.1487995894582,0.2362245336172,2,0.15158780114231668,3.0
listar,ms por listado completo,B+,aleatorio,10000,B+ (aleatorio),20,0.5104519553902449,0.013569810047877417,2.6583912363511626,0.5041010887954565,0.5168028219850334,0.5041541060192001,0.49614105466560005,0.5463741761609,2,0.5070733778732444,3.0
listar,ms por listado completo,B+,aleatorio,30000,B+ (aleatorio),20,1.538425967427565,0.03782174640171332,2.4584703588275922,1.5207248452356026,1.5561270896195276,1.53425681471995,1.4977935819761,1.6455601307706,2,1.5279092486598167,4.0
listar,ms por listado completo,B+,aleatorio,100000,B+ (aleatorio),20,7.306504886248821,1.226366676329444,16.784587096321836,6.732547614173327,7.880462158324316,6.87370035154705,6.4238570518612,10.817922580416399,4,6.76317795740895,4.0
listar,ms por listado completo,B+,ordenado,100,B+ (ordenado),20,0.005658042863068062,7.516160027809734e-05,1.3284028081282706,0.005622866151328337,0.005693219574807787,0.005632958972707328,0.005541289635322871,0.005820469134786607,3,0.0056319377594516795,2.0
listar,ms por listado completo,B+,ordenado,300,B+ (ordenado),20,0.016218487872562394,0.0002907843411957984,1.7929189421396827,0.016082396611721436,0.016354579133403352,0.01613316264410652,0.015767012422351942,0.01715403301914584,1,0.01616924865432116,2.0
listar,ms por listado completo,B+,ordenado,1000,B+ (ordenado),20,0.052920785764382014,0.0009816131167414558,1.8548725279928175,0.05246137668421626,0.05338019484454777,0.0526345488386969,0.05172497575301024,0.05529438928291687,1,0.052795859263406505,3.0
listar,ms por listado completo,B+,ordenado,3000,B+ (ordenado),20,0.15797830884752,0.0023258130499971825,1.4722356929659548,0.15688979483348187,0.15906682286155815,0.15768517939645,0.15440449337399997,0.1629035184335,0,0.15797830884752,3.0
listar,ms por listado completo,B+,ordenado,10000,B+ (ordenado),20,0.511525173771535,0.008445040751623766,1.6509531074213792,0.5075727730369717,0.5154775745060982,0.5097386359045499,0.5014234795611,0.5379033870794,2,0.5093316978106333,4.0
listar,ms por listado completo,B+,ordenado,30000,B+ (ordenado),20,1.50555084883332,0.03187635696881652,2.117255421397299,1.49063225454773,1.52046944311891,1.49851397203275,1.4575981076473,1.5959346091725,1,1.5007938088154682,4.0
listar,ms por listado completo,B+,ordenado,100000,B+ (ordenado),20,5.930250584220834,1.1275023882081538,19.012727576945966,5.4025632232665535,6.457937945175115,5.72362915501295,5.1757209181158,10.3989338231793,1,5.69505672953881,4.0
listar,ms por listado completo,Lista,aleatorio,100,Lista (aleatorio),20,0.006577504398624321,0.00017762812303623288,2.700539783346761,0.006494371878058034,0.0066606369191906075,0.006506065135475716,0.006416999336701995,0.007000702865926305,3,0.006512499234600461,
listar,ms por listado completo,Lista,aleatorio,300,Lista (aleatorio),20,0.02127807696745595,0.00033522164772609007,1.5754320667173047,0.021121188406976316,0.02143496552793558,0.021226220780243877,0.020785706999830844,0.02190969221198766,0,0.02127807696745595,
listar,ms por listado completo,Lista,aleatorio,1000,Lista (aleatorio),20,0.08628157121394067,0.001836381153411558,2.1283584983149337,0.08542211837846603,0.08714102404941532,0.08610344581845186,0.08279237095419754,0.09013330090045335,0,0.08628157121394067,
listar,ms por listado completo,Lista,aleatorio,3000,Lista (aleatorio),20,0.38782504340305496,0.02419723632708961,6.239214495991726,0.3765003882064296,0.3991496985996803,0.37943484309955,0.36701614906200003,0.45454926043239996,3,0.37896784560742935,
listar,ms por listado completo,Lista,aleatorio,10000,Lista (aleatorio),20,1.522595012494125,0.1780745888783387,11.695466451491862,1.439253539481758,1.605936485506492,1.4874377221477,1.4523760522398,2.2751315909607004,2,1.4801889913791166,
listar,ms por listado completo,Lista,aleatorio,30000,Lista (aleatorio),20,5.260865636355894,0.07556838053148031,1.4364248349027433,5.225498545597339,5.296232727114449,5.2485489338415,5.1297943882301995,5.4852583785415,2,5.240220767135116,
listar,ms por listado completo,Lista,aleatorio,100000,Lista (aleatorio),20,22.36301409047138,1.8346931345061446,8.20414067211041,21.504351272162786,23.221676908779976,21.71922021451345,21.0391375003382,29.2685285709532,1,21.999565959919707,
listar,ms por listado completo,Lista,ordenado,100,Lista (ordenado),20,0.0049585761766065195,9.672763212083869e-05,1.9507138475996104,0.004913306251275081,0.005003846101937958,0.0049469056020294815,0.004820504179495678,0.005231245117955961,1,0.004944225179693391,
listar,ms por listado completo,Lista,ordenado,300,Lista (ordenado),20,0.01435693099595059,0.00014065891603087279,0.9797283003627029,0.014291100596856732,0.014422761395044448,0.014355978438118961,0.014134030471436788,0.01474476751720363,1,0.01433651854746359,
listar,ms por listado completo,Lista,ordenado,1000,Lista (ordenado),20,0.048874152317178766,0.0011414133173969876,2.335413021569261,0.04833995444095742,0.04940835019340011,0.04879979052751656,0.04695308266094136,0.051092147350234006,0,0.048874152317178766,
listar,ms por listado completo,Lista,ordenado,3000,Lista (ordenado),20,0.15053190721766502,0.0035103601880672754,2.3319708445541654,0.1488890080779266,0.15217480635740344,0.1503070341466,0.1448501992166,0.15881152870009999,0,0.15053190721766502,
listar,ms por listado completo,Lista,ordenado,10000,Lista (ordenado),20,0.49957210520591494,0.010608617011251103,2.1235407062767075,0.494607119612458,0.5045370907993719,0.49624770090494996,0.4833468026956,0.5246766701088,0,0.49957210520591494,
listar,ms por listado completo,Lista,ordenado,30000,Lista (ordenado),20,1.49738930132091,0.022938701777193864,1.531913027357593,1.486653658424613,1.508124944217207,1.4906370900079,1.4619247297240001,1.5567032856467,1,1.494267512672184,
listar,ms por listado completo,Lista,ordenado,100000,Lista (ordenado),20,5.942032767125885,0.38689170804258266,6.511100211076743,5.760961874037546,6.123103660214223,5.901380980236651,5.4514692710654,7.3054642323064,1,5.87027321632691,
