estructura,N,M,unidad,repeticiones,media,desv_estandar,cv_%,ic95_inf,ic95_sup,mediana,minimo,maximo,atipicos,media_sin_atipicos
ABB,10000,100,ms por lote de M búsquedas,20,0.145688522021525,0.009346367856367735,6.415308307532174,0.14131428721704484,0.15006275682600514,0.1435476145001,0.13429974675919998,0.1667000500111,0,0.145688522021525
ABB,10000,300,ms por lote de M búsquedas,20,0.43436486831368004,0.051676942071057295,11.897127470663301,0.4101793149446976,0.45855042168266247,0.42485366093625,0.40247339710040003,0.6478595520284,1,0.4231283060129053
ABB,10000,1000,ms por lote de M búsquedas,20,1.4414050727422152,0.055600447178638136,3.8573783477021153,1.4153832624592229,1.4674268830252075,1.43188596951315,1.3553803213753,1.5638766351889,0,1.4414050727422152
ABB,10000,3000,ms por lote de M búsquedas,20,4.25696789386202,0.1462795020362974,3.436236910482997,4.188506979545101,4.325428808178939,4.2311356598188,4.0221151393055,4.6902916280466,1,4.2341613815365164
ABB,10000,10000,ms por lote de M búsquedas,20,14.2564849016015,0.6652483615563369,4.666286017541437,13.945139084545886,14.567830718657113,14.193958880538949,13.403396051695601,16.510869355707,1,14.137833088227527
B+,10000,100,ms por lote de M búsquedas,20,0.06103510530832691,0.0010314916877808564,1.6899973917799267,0.06055235233834307,0.06151785827831075,0.06073136054758435,0.06014964586467061,0.06483804242346392,1,0.0608349507233197
B+,10000,300,ms por lote de M búsquedas,20,0.18271137035545504,0.004589400639752571,2.5118308897930883,0.18056346473921803,0.18485927597169205,0.1814293223178,0.1787950971689,0.19804136633939998,3,0.1811166828206588
B+,10000,1000,ms por lote de M búsquedas,20,0.61011552838473,0.015153949147251019,2.483783552824959,0.6030232618696617,0.6172077948997984,0.6058603333642001,0.5937481394072001,0.6554636006794,3,0.6045247354067176
B+,10000,3000,ms por lote de M búsquedas,20,1.8229287350251702,0.03748693365149745,2.056412460412494,1.8053843100237617,1.8404731600265787,1.8140522799966,1.776791150286,1.9419126212596,2,1.8119630208379496
B+,10000,10000,ms por lote de M búsquedas,20,6.05671403048124,0.0857781420898712,1.4162488382013907,6.016568624227245,6.096859436735235,6.0422027119609,5.9493502950538,6.2691024999367,2,6.033346735328417
Lista,10000,100,ms por lote de M búsquedas,20,18.157907042709663,0.326823500410216,1.7998963186753096,18.004948936161096,18.31086514925823,18.2088777281795,17.5717448281798,18.9954807017848,0,18.157907042709663
Lista,10000,300,ms por lote de M búsquedas,20,54.33625152559664,0.8848674705616025,1.6285029712525543,53.92212080160145,54.75038224959182,54.3010710542531,52.8359299991279,56.4765157852027,2,54.13454613988323
Lista,10000,1000,ms por lote de M búsquedas,20,181.29012666565052,3.6672525052059908,2.022863888208003,179.57379966123457,183.00645367006646,180.32747261514442,176.9629333284683,189.3272333351584,0,181.29012666565052
Lista,10000,3000,ms por lote de M búsquedas,20,540.1815041715356,7.435951929976652,1.376565445605363,536.7013715428606,543.6616368002107,538.7564749689773,528.9068499696441,552.7972500422038,0,540.1815041715356
Lista,10000,10000,ms por lote de M búsquedas,20,1814.0274050005246,67.45658491800046,3.7186089213454276,1782.4567514510118,1845.5980585500374,1800.091799988877,1757.3019999545068,2081.879899953492,1,1799.929905266158
