operacion,curva,pendiente,error_pendiente,r2,N_min,N_max,pendiente_altura
busqueda,ABB (aleatorio),0.22647370432665043,0.012204865328642239,0.9856867148495896,100,100000,0.15971915801463143
busqueda,ABB (ordenado),1.00511533261143,0.001854250605530517,0.9999863868339444,100,30000,1.0
busqueda,B+ (aleatorio),0.12306173020207893,0.01042813930647356,0.9653408195043066,100,100000,0.10752081357560452
busqueda,B+ (ordenado),0.13195151054586093,0.009537350175808375,0.9745435419490278,100,100000,0.11661884940701615
busqueda,Lista (aleatorio),1.0268650610763814,0.01450576772223048,0.9990032377464062,100,100000,
busqueda,Lista (ordenado),1.0003394130792558,0.006119634076268116,0.9998129124474108,100,100000,
insercion,ABB (aleatorio),0.21734995589638076,0.013388346461595951,0.9813815860739139,100,100000,
insercion,ABB (ordenado),0.9939487941642376,0.002166643398311868,0.9999809936557824,100,30000,
insercion,B+ (aleatorio),0.0966538287119685,0.0061132639429124485,0.9803900242118643,100,100000,
insercion,B+ (ordenado),0.07253566403632213,0.0029302286404952237,0.9919064222716427,100,100000,
insercion,Lista (aleatorio),-0.01690485041384378,0.005786865596773355,0.6305510778388943,100,100000,
insercion,Lista (ordenado),-0.020327222645434437,0.005443133862486914,0.7360958071584789,100,100000,
listar,ABB (aleatorio),1.078899780280762,0.02825927118946934,0.9965814455119725,100,100000,
listar,ABB (ordenado),0.9896154624450777,0.0016088528928705735,0.9999894280493622,100,30000,
listar,B+ (aleatorio),1.0305803290589746,0.019714026632724955,0.99817373782573,100,100000,
listar,B+ (ordenado),0.99882142141857,0.01040810952024372,0.9994573718861736,100,100000,
listar,Lista (aleatorio),1.18765743360245,0.012810978802324935,0.9994185670225927,100,100000,
listar,Lista (ordenado),1.0202455810234847,0.00920204819535411,0.9995934135019763,100,100000,
